{"cameraMode":{"drawMode":0,"name":"Shaded","section":"Shading Mode"},"sceneLighting":false,"audioPlay":false,"sceneViewState":{"m_AlwaysRefresh":false,"showFog":true,"showSkybox":false,"showFlares":true,"showImageEffects":true,"showParticleSystems":true,"showVisualEffectGraphs":true,"m_FxEnabled":true},"in2DMode":false,"pivot":{"x":1.4903738498687745,"y":-0.4847831726074219,"z":31.40139389038086},"rotation":{"x":-0.11653866618871689,"y":-0.058103881776332858,"z":0.006832280196249485,"w":-0.991517961025238},"size":10.861631393432618,"orthographic":false}