{"cameraMode":{"drawMode":0,"name":"Shaded","section":"Shading Mode"},"sceneLighting":false,"audioPlay":false,"sceneViewState":{"m_AlwaysRefresh":false,"showFog":true,"showSkybox":false,"showFlares":true,"showImageEffects":true,"showParticleSystems":true,"showVisualEffectGraphs":true,"m_FxEnabled":true},"in2DMode":false,"pivot":{"x":1.0212979316711426,"y":-0.10343122482299805,"z":28.127487182617189},"rotation":{"x":0.02699431963264942,"y":0.016489872708916665,"z":-0.0005811965093016624,"w":0.9995733499526978},"size":14.3574857711792,"orthographic":false}