{"cameraMode":{"drawMode":0,"name":"Shaded","section":"Shading Mode"},"sceneLighting":false,"audioPlay":false,"sceneViewState":{"m_AlwaysRefresh":false,"showFog":true,"showSkybox":false,"showFlares":true,"showImageEffects":true,"showParticleSystems":true,"showVisualEffectGraphs":true,"m_FxEnabled":true},"in2DMode":false,"pivot":{"x":0.5848191976547241,"y":-0.38028931617736819,"z":18.39374351501465},"rotation":{"x":-0.00021754144108854234,"y":-0.9910499453544617,"z":0.13400621712207795,"w":-0.004758942872285843},"size":9.524202346801758,"orthographic":false}